1,Attendee1,1
2,Attendee2,1
3,Attendee3,1
1,Attendee1,2
2,Attendee2,2
3,Attendee3,2
1,Attendee1,3
2,Attendee2,3
3,Attendee3,3
1,Attendee1,1
2,Attendee2,1
3,Attendee3,1
1,Attendee1,2
2,Attendee2,2
3,Attendee3,2
1,Attendee1,3
2,Attendee2,3
3,Attendee3,3
1,Attendee1,1
2,Attendee2,1
3,Attendee3,1
1,Attendee1,2
2,Attendee2,2
3,Attendee3,2
1,Attendee1,3
2,Attendee2,3
3,Attendee3,3
1,Attendee1,1
2,Attendee2,1
3,Attendee3,1
1,Attendee1,2
2,Attendee2,2
3,Attendee3,2
1,Attendee1,3
2,Attendee2,3
3,Attendee3,3
1,Attendee1,1
2,Attendee2,1
3,Attendee3,1
1,Attendee1,2
2,Attendee2,2
3,Attendee3,2
1,Attendee1,3
2,Attendee2,3
3,Attendee3,3
1,Ali,1
2,Haris,1
3,Farhan,1
1,Ali,2
2,Haris,2
3,Farhan,2
1,Ali,3
2,Haris,3
3,Farhan,3
1,Ali,1
2,Haris,1
3,Farhan,1
1,Ali,2
2,Haris,2
3,Farhan,2
1,Ali,3
2,Haris,3
3,Farhan,3
1,Ali,1
2,Haris,1
3,Farhan,1
1,Ali,2
2,Haris,2
3,Farhan,2
1,Ali,3
2,Haris,3
3,Farhan,3
1,Ali,1
2,Haris,1
3,Farhan,1
1,Ali,2
2,Haris,2
3,Farhan,2
1,Ali,3
2,Haris,3
3,Farhan,3
1,Ali,1
2,Haris,1
1,Ali,2
2,Haris,2
1,Ali,1
2,Haris,1
1,Ali,2
1,Ali,1
2,Haris,1
1,Ali,2
1,Ali,1
2,Haris,1
1,Ali,2
1,Ali,1
2,Haris,1
1,Ali,2
1,Ali,1
2,Haris,1
1,Ali,2
1,Ali,1
2,Haris,1
1,Ali,2
1,Ali,1
2,Haris,1
1,Ali,2
1,Ali,1
2,Haris,1
1,Ali,2
1,Ali,1
2,Haris,1
1,Ali,2
1,Ali,1
2,Haris,1
1,Ali,2
1,Ali,1
2,Haris,1
1,Ali,2
1,Ali,1
2,Haris,1
1,Ali,2
1,Ali,1
2,Haris,1
1,Ali,2
1,Ali,1
2,Haris,1
1,Ali,2
1,Ali,1
2,Haris,1
1,Ali,2
1,Ali,1
2,Haris,1
1,Ali,2
1,Ali,1
2,Haris,1
1,Ali,1
2,Haris,1
1,Ali,1
2,Haris,1
1,Ali,1
2,Haris,1
1,Ali,1
2,Haris,1
1,Ali,1
2,Haris,1
1,Ali,1
2,Haris,1
1,Ali,1
2,Haris,1
1,Ali,1
2,Haris,1
1,Ali,1
2,Haris,1
1,Ali,1
2,Haris,1
1,Ali,1
2,Haris,1
1,Ali,1
2,Haris,1
1,Ali,1
2,Haris,1
1,Ali,1
2,Haris,1
1,Ali,1
2,Haris,1
1,Ali,1
2,Haris,1
