1,Event1,Venue1,10:00,12:00
2,Event2,Venue2,13:00,15:00
3,Event3,Venue3,16:00,18:00
1,Event1,Venue1,10:00,12:00
2,Event2,Venue2,13:00,15:00
3,Event3,Venue3,16:00,18:00
1,Event1,Venue1,10:00,12:00
2,Event2,Venue2,13:00,15:00
3,Event3,Venue3,16:00,18:00
1,Event1,Venue1,10:00,12:00
2,Event2,Venue2,13:00,15:00
3,Event3,Venue3,16:00,18:00
1,Event1,Venue1,10:00,12:00
2,Event2,Venue2,13:00,15:00
3,Event3,Venue3,16:00,18:00
1,SOFTEC,Lab1,8:00,17:00
2,CokeFest,Royal Palm,15:00,19:00
3,Rave Night,Askari 11,20:00,23:00
1,SOFTEC,Lab1,8:00,17:00
2,CokeFest,Royal Palm,15:00,19:00
3,Rave Night,Askari 11,20:00,23:00
1,SOFTEC,Lab1,8:00,17:00
2,CokeFest,Royal Palm,15:00,19:00
3,Rave Night,Askari 11,20:00,23:00
1,SOFTEC,Lab1,8:00,17:00
2,CokeFest,Royal Palm,15:00,19:00
3,Rave Night,Askari 11,20:00,23:00
1,SOFTEC,Lab1,8:00,17:00
2,CokeFest,Royal Palm,15:00,19:00
1,SOFTEC,Lab1,8:00,17:00
2,CokeFest,Royal Palm,15:00,19:00
1,SOFTEC,Lab1,8:00,17:00
2,CokeFest,Royal Palm,15:00,19:00
1,SOFTEC,Lab1,8:00,17:00
2,CokeFest,Royal Palm,15:00,19:00
1,SOFTEC,Lab1,8:00,17:00
2,CokeFest,Royal Palm,15:00,19:00
1,SOFTEC,Lab1,8:00,17:00
2,CokeFest,Royal Palm,15:00,19:00
1,SOFTEC,Lab1,8:00,17:00
2,CokeFest,Royal Palm,15:00,19:00
1,SOFTEC,Lab1,8:00,17:00
2,CokeFest,Royal Palm,15:00,19:00
1,SOFTEC,Lab1,8:00,17:00
2,CokeFest,Royal Palm,15:00,19:00
1,SOFTEC,Lab1,8:00,17:00
2,CokeFest,Royal Palm,15:00,19:00
1,SOFTEC,Lab1,8:00,17:00
2,CokeFest,Royal Palm,15:00,19:00
1,SOFTEC,Lab1,8:00,17:00
2,CokeFest,Royal Palm,15:00,19:00
1,SOFTEC,Lab1,8:00,17:00
2,CokeFest,Royal Palm,15:00,19:00
1,SOFTEC,Lab1,8:00,17:00
2,CokeFest,Royal Palm,15:00,19:00
1,SOFTEC,Lab1,8:00,17:00
2,CokeFest,Royal Palm,15:00,19:00
1,SOFTEC,Lab1,8:00,17:00
2,CokeFest,Royal Palm,15:00,19:00
1,SOFTEC,Lab1,8:00,17:00
2,CokeFest,Royal Palm,15:00,19:00
1,SOFTEC,Lab1,8:00,17:00
1,SOFTEC,Lab1,8:00,17:00
1,SOFTEC,Lab1,8:00,17:00
1,SOFTEC,Lab1,8:00,17:00
1,SOFTEC,Lab1,8:00,17:00
1,SOFTEC,Lab1,8:00,17:00
1,SOFTEC,Lab1,8:00,17:00
1,SOFTEC,Lab1,8:00,17:00
1,SOFTEC,Lab 1,8:00,17:00
1,SOFTEC,Lab 1,8:00,17:00
1,SOFTEC,Lab 1,8:00,17:00
1,SOFTEC,Lab 1,8:00,17:00
1,SOFTEC,Lab 1,8:00,17:00
1,SOFTEC,Lab 1,8:00,17:00
1,SOFTEC,Lab 1,8:00,17:00
1,SOFTEC,Lab 1,8:00,17:00
1,SOFTEC,Lab 1,8:00,17:00
